Device/Layer,Activ,GatPoly,Nwell,pSD,ThickGateOx,HeatTrans,TRANS,EmWind,EmWiHV,HeatRes,SalBlock,PolyRes,MIM,Metal5,TopMetal1,TopMetal2,nBuLay,EXTBlock,nsD,nsD.block,RES,Metal1.res,Activ.mask,Pwell.block,Recog.diode,Recog.esd,IND,IND.pin,substrate
:blue:`1- MOS`:,,,,,,,,,,,,,,,,,,,,,,,,,,,,,
nmos,1,1,x,0,0,1,0,x,x,0,0,0,x,x,x,x,x,0,0,0,0,x,x,0,0,0,0,x,x
nmosHV,1,1,x,0,1,1,0,x,x,0,0,0,x,x,x,x,x,0,0,0,0,x,x,0,0,0,0,x,x
pmos,1,1,1,1,0,1,0,x,x,0,0,0,x,x,x,x,0,0,0,x,0,x,x,x,0,0,0,x,x
pmosHV,1,1,1,1,1,1,0,x,x,0,0,0,x,x,x,x,0,0,0,x,0,x,x,x,0,0,0,x,x
:blue:`2- RF-MOS`:,,,,,,,,,,,,,,,,,,,,,,,,,,,,,
rfnmos,1,1,x,1,0,0,0,x,x,0,0,0,x,x,x,x,x,0,0,0,0,x,x,0,0,0,0,x,x
rfnmosHV,1,1,x,1,1,0,0,x,x,0,0,0,x,x,x,x,x,0,0,0,0,x,x,0,0,0,0,x,x
rfpmos,1,1,1,1,0,0,0,x,x,0,0,0,x,x,x,x,0,0,0,0,0,x,x,x,0,0,0,x,x
rfpmosHV,1,1,1,1,1,0,0,x,x,0,0,0,x,x,x,x,0,0,0,0,0,x,x,x,0,0,0,x,x
:blue:`3- BJT`:,,,,,,,,,,,,,,,,,,,,,,,,,,,,,
npn13G2,1,0,0,1,x,1,1,1,0,x,0,0,x,x,x,x,0,0,0,1,x,x,1,0,0,0,0,x,0
npn13G2L,1,0,0,1,x,1,1,1,0,x,0,0,x,x,x,x,0,0,0,0,x,x,1,0,0,0,0,x,0
npn13G2V,1,0,0,1,x,1,1,0,1,x,0,0,x,x,x,x,0,0,0,0,x,x,1,0,0,0,0,x,0
pnpMPA,1,0,1,1,x,0,0,0,0,x,0,0,x,x,x,x,1,0,0,0,x,x,x,x,0,0,0,x,0
:blue:`4- Diodes`:,,,,,,,,,,,,,,,,,,,,,,,,,,,,,
dantenna,1,0,0,0,x,x,0,x,x,x,0,0,x,x,x,x,0,0,0,0,x,x,x,0,1,0,0,x,0
dpantenna,1,0,0,1,x,x,0,x,x,x,0,0,x,x,x,x,0,0,0,x,x,x,x,0,1,0,0,x,0
schottky_nbl1,1,0,1,1,1,x,0,x,x,x,1,0,x,x,x,x,1,0,0,1,x,x,x,1,1,0,0,x,0
:blue:`5- Resistors`:,,,,,,,,,,,,,,,,,,,,,,,,,,,,,
rhigh,0,1,0,1,0,0,0,x,x,1,1,1,x,x,x,x,0,1,1,x,0,x,0,0,0,0,0,x,x
rppd,0,1,0,1,0,0,0,x,x,1,1,1,x,x,x,x,0,1,0,x,0,x,0,0,0,0,0,x,x
rsil,0,1,0,0,0,0,0,x,x,1,0,1,x,x,x,x,0,1,0,0,1,x,0,0,0,0,0,x,x
lvsres,x,x,x,x,x,x,x,x,x,x,x,x,x,x,x,x,x,x,x,x,x,1,x,x,x,x,0,x,x
:blue:`6- Capacitors`:,,,,,,,,,,,,,,,,,,,,,,,,,,,,,
cmim,x,x,x,x,x,x,x,x,x,x,x,x,1,1,1,x,x,x,x,x,x,x,x,x,x,x,0,x,x
rfcmim,1,x,x,1,x,x,x,x,x,x,x,x,1,1,1,x,x,x,x,x,x,x,x,1,x,x,0,x,0
Svaricap,1,1,1,1,1,0,0,x,x,0,0,0,0,x,x,x,1,0,0,x,0,x,x,x,0,0,0,x,0
:blue:`7- ESD`:,,,,,,,,,,,,,,,,,,,,,,,,,,,,,
diodevdd_2k,1,0,1,1,x,x,0,x,x,x,0,0,x,x,x,x,0,0,0,x,x,x,x,0,0,1,0,x,0
diodevdd_4k,1,0,1,1,x,x,0,x,x,x,0,0,x,x,x,x,0,0,0,x,x,x,x,0,0,1,0,x,0
diodevss_2k,1,0,1,1,x,x,0,x,x,x,0,0,x,x,x,x,0,0,0,x,x,x,x,0,0,1,0,x,0
diodevss_4k,1,0,1,1,x,x,0,x,x,x,0,0,x,x,x,x,0,0,0,x,x,x,x,0,0,1,0,x,0
idiodevdd_2kv,1,0,1,1,x,x,0,x,x,x,0,0,x,x,x,x,1,0,0,x,x,x,x,1,0,1,0,x,0
idiodevdd_4kv,1,0,1,1,x,x,0,x,x,x,0,0,x,x,x,x,1,0,0,x,x,x,x,1,0,1,0,x,0
idiodevss_2kv,1,0,1,1,x,x,0,x,x,x,0,0,x,x,x,x,1,0,0,x,x,x,x,0,0,1,0,x,0
idiodevss_4kv,1,0,1,1,x,x,0,x,x,x,0,0,x,x,x,x,1,0,0,x,x,x,x,0,0,1,0,x,0
nmoscl_2,1,1,1,1,1,0,0,x,x,x,1,0,x,x,x,x,1,0,0,x,0,x,x,x,0,1,0,x,0
nmoscl_4,1,1,1,1,1,0,0,x,x,x,1,0,x,x,x,x,1,0,0,x,0,x,x,x,0,1,0,x,0
scr1,1,1,1,1,1,0,0,x,x,0,1,0,x,x,x,x,1,0,0,1,0,x,x,x,0,1,0,x,0
:blue:`8- Inductors`:,,,,,,,,,,,,,,,,,,,,,,,,,,,,,
inductor2,x,x,x,x,x,x,x,x,x,x,x,x,x,x,x,1,x,x,x,x,x,x,x,1,x,x,1,1,x
inductor3,x,x,x,x,x,x,x,x,x,x,x,x,x,x,x,1,x,x,x,x,x,x,x,1,x,x,1,1,x
:blue:`9- Taps`:,,,,,,,,,,,,,,,,,,,,,,,,,,,,,
ptap1,1,0,0,1,x,0,0,x,x,0,0,0,x,x,x,x,0,0,0,x,0,x,0,0,0,0,0,x,1
ntap1,1,0,1,0,x,0,0,x,x,0,0,0,x,x,x,x,1,0,0,0,0,x,0,x,0,0,0,x,0
